ID_Cliente;Tempo_Espera;Tempo_Resolucao;Satisfacao_Cliente;Canal_Atendimento;Tipo_Problema;Feedback_Sentimento;Media_NPS;Qtd_Reclamacoes;Problema_Solucionado
1;11;22;6;E-mail;Cobrança;Positivo;61;1;Sim
2;5;10;9;E-mail;Atendimento Ruim;Neutro;88;0;Não
3;21;41;3;Chat;Produto Defeituoso;Neutro;28;2;Sim
4;13;27;6;Redes Sociais;Produto Defeituoso;Negativo;55;1;Sim
5;16;34;4;Redes Sociais;Produto Defeituoso;Negativo;37;2;Não
6;24;45;2;E-mail;Dúvida;Neutro;19;3;Sim
7;25;53;1;Telefone;Dúvida;Negativo;9;3;Sim
8;27;58;1;WhatsApp;Atendimento Ruim;Neutro;6;3;Não
9;1;5;10;Telefone;Cobrança;Negativo;98;0;Sim
10;22;42;3;Redes Sociais;Produto Defeituoso;Positivo;25;3;Não
11;18;36;4;Telefone;Cobrança;Negativo;43;2;Sim
12;23;56;2;WhatsApp;Dúvida;Positivo;15;3;Sim
13;27;56;1;Telefone;Dúvida;Positivo;10;3;Não
14;19;32;4;Telefone;Dúvida;Negativo;41;2;Sim
15;8;23;7;Telefone;Cobrança;Neutro;67;1;Não
16;8;29;10;Telefone;Atendimento Ruim;Positivo;78;3;Sim
17;11;19;6;Chat;Atendimento Ruim;Positivo;61;1;Sim
18;11;29;6;Redes Sociais;Dúvida;Negativo;57;1;Sim
19;3;5;9;WhatsApp;Produto Defeituoso;Neutro;94;0;Não
20;8;42;2;Redes Sociais;Cobrança;Neutro;10;1;Sim
21;20;37;4;Chat;Dúvida;Negativo;40;2;Não
22;7;34;5;Chat;Cobrança;Neutro;1;3;Não
23;26;52;1;Chat;Cobrança;Negativo;15;3;Não
24;8;14;8;Chat;Atendimento Ruim;Negativo;80;0;Não
25;2;5;8;Telefone;Dúvida;Negativo;85;0;Não
26;5;20;6;Redes Sociais;Atendimento Ruim;Positivo;44;2;Sim
27;24;13;5;E-mail;Dúvida;Positivo;16;2;Não
28;6;7;8;WhatsApp;Cobrança;Positivo;82;0;Sim
29;21;40;3;Chat;Atendimento Ruim;Negativo;33;2;Sim
30;1;22;3;Redes Sociais;Cobrança;Positivo;54;3;Não
31;25;45;2;Chat;Dúvida;Positivo;21;3;Não
32;15;26;5;Chat;Produto Defeituoso;Positivo;53;1;Não
33;18;44;3;Chat;Atendimento Ruim;Negativo;33;2;Não
34;22;45;3;Chat;Atendimento Ruim;Negativo;29;2;Não
35;25;58;6;Chat;Cobrança;Negativo;71;0;Não
36;7;9;8;WhatsApp;Cobrança;Positivo;80;0;Não
37;13;8;2;Redes Sociais;Produto Defeituoso;Neutro;42;3;Não
38;21;34;4;Chat;Atendimento Ruim;Positivo;35;2;Sim
39;8;15;7;Chat;Dúvida;Positivo;66;1;Sim
40;26;55;1;Chat;Dúvida;Negativo;5;3;Não
41;28;54;1;Chat;Atendimento Ruim;Negativo;9;3;Sim
42;1;5;10;Telefone;Atendimento Ruim;Positivo;96;0;Não
43;7;20;7;Telefone;Atendimento Ruim;Positivo;74;1;Sim
44;7;20;7;E-mail;Produto Defeituoso;Neutro;74;1;Sim
45;25;52;1;Chat;Dúvida;Neutro;8;3;Não
46;29;59;1;E-mail;Dúvida;Negativo;5;3;Não
47;17;37;4;WhatsApp;Cobrança;Neutro;41;2;Não
48;13;28;5;E-mail;Cobrança;Neutro;52;1;Não
49;14;33;5;Redes Sociais;Atendimento Ruim;Negativo;49;2;Não
50;18;42;4;Telefone;Cobrança;Neutro;36;2;Não
51;18;23;8;Telefone;Produto Defeituoso;Positivo;47;1;Não
52;11;23;7;Chat;Dúvida;Neutro;65;1;Sim
53;1;5;9;Chat;Dúvida;Negativo;91;0;Sim
54;23;47;7;WhatsApp;Cobrança;Positivo;25;1;Não
55;1;5;10;WhatsApp;Atendimento Ruim;Neutro;100;0;Sim
56;29;53;1;Redes Sociais;Cobrança;Positivo;10;3;Não
57;10;19;7;Chat;Atendimento Ruim;Positivo;69;1;Não
58;30;58;1;Chat;Produto Defeituoso;Neutro;6;3;Sim
59;10;23;7;WhatsApp;Dúvida;Neutro;66;1;Sim
60;1;5;10;WhatsApp;Produto Defeituoso;Negativo;100;0;Não
61;8;16;8;WhatsApp;Dúvida;Negativo;79;0;Não
62;4;9;9;Telefone;Produto Defeituoso;Positivo;89;0;Sim
63;20;39;3;E-mail;Cobrança;Negativo;31;2;Não
64;19;38;4;E-mail;Produto Defeituoso;Positivo;40;2;Não
65;19;35;4;Chat;Produto Defeituoso;Positivo;36;2;Não
66;2;5;9;Telefone;Cobrança;Negativo;95;0;Sim
67;11;25;7;WhatsApp;Dúvida;Negativo;65;1;Sim
68;26;22;3;Chat;Dúvida;Negativo;8;1;Não
69;2;5;10;Telefone;Cobrança;Neutro;98;0;Sim
70;13;34;5;Redes Sociais;Produto Defeituoso;Positivo;47;2;Sim
71;12;20;7;Telefone;Produto Defeituoso;Positivo;66;1;Sim
72;5;5;8;Chat;Produto Defeituoso;Positivo;84;0;Não
73;29;55;1;E-mail;Atendimento Ruim;Negativo;6;3;Sim
74;26;52;2;WhatsApp;Dúvida;Negativo;18;3;Não
75;11;19;7;Redes Sociais;Produto Defeituoso;Negativo;66;1;Sim
76;1;41;2;Telefone;Dúvida;Negativo;70;1;Não
77;10;16;7;Chat;Produto Defeituoso;Negativo;67;1;Sim
78;4;6;9;Chat;Cobrança;Neutro;93;0;Não
79;25;51;2;WhatsApp;Cobrança;Negativo;21;3;Não
80;9;20;7;Chat;Dúvida;Positivo;75;1;Sim
81;17;35;4;Chat;Dúvida;Negativo;37;2;Não
82;22;44;2;WhatsApp;Cobrança;Positivo;22;3;Sim
83;7;21;7;Redes Sociais;Atendimento Ruim;Negativo;73;1;Não
84;13;41;5;E-mail;Cobrança;Negativo;95;1;Não
85;26;58;1;E-mail;Produto Defeituoso;Positivo;10;3;Não
86;14;34;5;Telefone;Atendimento Ruim;Positivo;48;2;Não
87;20;44;3;Redes Sociais;Cobrança;Positivo;29;2;Não
88;10;17;7;Telefone;Atendimento Ruim;Positivo;72;1;Não
89;10;24;6;E-mail;Atendimento Ruim;Neutro;57;1;Sim
90;6;17;8;WhatsApp;Atendimento Ruim;Positivo;76;0;Não
91;17;34;5;Chat;Dúvida;Negativo;47;2;Sim
92;21;51;2;E-mail;Cobrança;Negativo;21;3;Sim
93;1;8;9;Redes Sociais;Dúvida;Neutro;92;0;Sim
94;10;14;8;E-mail;Dúvida;Positivo;31;1;Sim
95;9;21;6;Redes Sociais;Produto Defeituoso;Negativo;61;1;Sim
96;1;5;10;Redes Sociais;Produto Defeituoso;Neutro;100;0;Sim
97;10;14;7;Redes Sociais;Atendimento Ruim;Negativo;67;1;Sim
98;3;6;9;Telefone;Atendimento Ruim;Neutro;87;0;Sim
99;6;18;7;WhatsApp;Produto Defeituoso;Neutro;72;1;Não
100;23;39;3;E-mail;Produto Defeituoso;Positivo;28;2;Sim
101;10;14;6;WhatsApp;Cobrança;Neutro;77;3;Não
102;17;28;7;Chat;Atendimento Ruim;Negativo;53;3;Sim
103;23;53;2;E-mail;Atendimento Ruim;Negativo;17;3;Não
104;23;46;3;WhatsApp;Produto Defeituoso;Positivo;28;2;Não
105;19;38;4;WhatsApp;Cobrança;Positivo;38;2;Sim
106;1;5;10;Chat;Produto Defeituoso;Neutro;100;0;Não
107;10;23;6;Redes Sociais;Produto Defeituoso;Positivo;60;1;Sim
108;12;56;1;E-mail;Dúvida;Negativo;31;3;Não
109;1;5;9;E-mail;Atendimento Ruim;Negativo;93;0;Não
110;13;26;5;Chat;Cobrança;Positivo;50;2;Não
111;8;16;7;Redes Sociais;Dúvida;Positivo;67;1;Não
112;5;5;9;E-mail;Atendimento Ruim;Positivo;87;0;Sim
113;1;6;9;E-mail;Produto Defeituoso;Neutro;95;0;Não
114;27;59;1;E-mail;Cobrança;Neutro;7;3;Não
115;26;49;1;Redes Sociais;Atendimento Ruim;Negativo;14;3;Não
116;24;40;3;Chat;Produto Defeituoso;Neutro;26;2;Não
117;12;24;6;E-mail;Dúvida;Neutro;55;1;Sim
118;24;42;2;WhatsApp;Cobrança;Neutro;25;3;Não
119;1;30;10;Redes Sociais;Atendimento Ruim;Neutro;17;2;Sim
120;29;59;1;Telefone;Dúvida;Negativo;5;3;Não
121;27;60;1;Chat;Produto Defeituoso;Positivo;8;3;Não
122;13;31;5;WhatsApp;Produto Defeituoso;Negativo;47;2;Não
123;20;34;4;E-mail;Atendimento Ruim;Neutro;39;2;Sim
124;25;52;1;Telefone;Produto Defeituoso;Positivo;13;3;Não
125;18;39;4;Chat;Cobrança;Positivo;42;2;Não
126;18;35;3;Redes Sociais;Atendimento Ruim;Positivo;33;2;Não
127;3;40;2;Telefone;Dúvida;Negativo;13;3;Não
128;2;6;9;Telefone;Atendimento Ruim;Positivo;92;0;Sim
129;25;50;1;WhatsApp;Atendimento Ruim;Negativo;8;3;Não
130;7;17;7;Chat;Dúvida;Negativo;69;1;Não
131;19;42;4;WhatsApp;Produto Defeituoso;Neutro;57;1;Não
132;14;30;5;WhatsApp;Dúvida;Neutro;49;2;Não
133;1;5;10;E-mail;Cobrança;Positivo;97;0;Sim
134;16;29;5;Redes Sociais;Produto Defeituoso;Positivo;49;2;Não
135;24;49;1;Telefone;Atendimento Ruim;Neutro;15;3;Não
136;10;20;6;Chat;Produto Defeituoso;Negativo;59;1;Sim
137;4;5;9;Redes Sociais;Produto Defeituoso;Negativo;90;0;Sim
138;24;46;2;Redes Sociais;Cobrança;Neutro;23;3;Não
139;12;23;7;Chat;Produto Defeituoso;Negativo;65;1;Sim
140;11;23;6;Redes Sociais;Produto Defeituoso;Neutro;64;1;Sim
141;15;29;5;E-mail;Produto Defeituoso;Neutro;50;2;Sim
142;17;38;4;Redes Sociais;Atendimento Ruim;Positivo;35;2;Não
143;16;40;4;E-mail;Produto Defeituoso;Positivo;40;2;Não
144;11;23;6;Telefone;Dúvida;Neutro;56;1;Sim
145;18;35;4;Telefone;Produto Defeituoso;Positivo;42;2;Não
146;14;27;5;WhatsApp;Cobrança;Neutro;55;1;Não
147;10;20;6;E-mail;Produto Defeituoso;Negativo;57;1;Não
148;12;25;5;Telefone;Produto Defeituoso;Negativo;54;1;Não
149;8;18;7;Redes Sociais;Atendimento Ruim;Negativo;70;1;Não
150;29;40;9;Chat;Dúvida;Negativo;98;3;Sim
151;2;5;10;Chat;Produto Defeituoso;Neutro;98;0;Sim
152;27;37;7;E-mail;Dúvida;Negativo;97;1;Sim
153;8;17;7;WhatsApp;Cobrança;Negativo;66;1;Sim
154;14;33;4;Redes Sociais;Atendimento Ruim;Negativo;44;2;Sim
155;9;30;1;E-mail;Dúvida;Negativo;73;2;Sim
156;7;10;8;Chat;Atendimento Ruim;Neutro;82;0;Sim
157;17;36;4;E-mail;Produto Defeituoso;Negativo;44;2;Não
158;28;56;1;Redes Sociais;Cobrança;Positivo;11;3;Não
159;13;23;5;Telefone;Atendimento Ruim;Positivo;54;1;Não
160;7;10;8;Redes Sociais;Produto Defeituoso;Positivo;80;0;Sim
161;18;38;4;Telefone;Dúvida;Positivo;41;2;Não
162;16;49;8;Telefone;Cobrança;Positivo;38;0;Não
163;7;14;8;Telefone;Cobrança;Positivo;79;0;Não
164;19;45;3;E-mail;Dúvida;Neutro;31;2;Não
165;4;6;9;Chat;Dúvida;Positivo;85;0;Sim
166;22;41;3;E-mail;Cobrança;Negativo;26;2;Sim
167;25;55;1;Chat;Atendimento Ruim;Positivo;13;3;Sim
168;26;54;2;Redes Sociais;Cobrança;Neutro;17;3;Não
169;14;28;6;WhatsApp;Dúvida;Positivo;60;1;Não
170;2;5;10;Redes Sociais;Atendimento Ruim;Negativo;100;0;Sim
171;24;41;2;E-mail;Produto Defeituoso;Negativo;23;3;Sim
172;11;28;6;E-mail;Cobrança;Neutro;59;1;Não
173;24;48;1;Chat;Dúvida;Neutro;33;2;Sim
174;25;48;1;E-mail;Produto Defeituoso;Neutro;15;3;Não
175;16;17;5;Telefone;Cobrança;Neutro;15;0;Não
176;1;5;10;E-mail;Cobrança;Positivo;97;0;Sim
177;4;5;9;Chat;Atendimento Ruim;Positivo;89;0;Não
178;6;11;8;Chat;Dúvida;Negativo;85;0;Não
179;23;49;3;Telefone;Produto Defeituoso;Neutro;26;2;Não
180;23;48;3;Chat;Cobrança;Neutro;28;2;Não
181;29;7;1;WhatsApp;Atendimento Ruim;Positivo;16;0;Não
182;21;44;3;Redes Sociais;Produto Defeituoso;Neutro;28;2;Não
183;19;10;1;E-mail;Produto Defeituoso;Negativo;6;0;Sim
184;8;17;8;WhatsApp;Cobrança;Negativo;77;0;Sim
185;24;51;1;E-mail;Produto Defeituoso;Neutro;14;3;Sim
186;13;23;5;WhatsApp;Cobrança;Negativo;52;1;Sim
187;4;11;9;E-mail;Atendimento Ruim;Negativo;90;0;Não
188;9;15;7;Telefone;Atendimento Ruim;Positivo;70;1;Sim
189;20;8;4;Chat;Produto Defeituoso;Negativo;64;3;Não
190;5;10;9;Chat;Cobrança;Neutro;89;0;Não
191;4;10;9;Telefone;Dúvida;Neutro;87;0;Sim
192;21;48;2;WhatsApp;Atendimento Ruim;Negativo;24;3;Não
193;3;5;10;Redes Sociais;Cobrança;Neutro;95;0;Sim
194;2;5;10;WhatsApp;Cobrança;Positivo;100;0;Sim
195;9;26;6;Chat;Cobrança;Negativo;61;1;Sim
196;18;38;4;Redes Sociais;Produto Defeituoso;Negativo;41;2;Não
197;6;6;8;E-mail;Dúvida;Negativo;84;0;Sim
198;6;14;7;Redes Sociais;Produto Defeituoso;Neutro;74;1;Não
199;5;12;7;WhatsApp;Atendimento Ruim;Neutro;74;1;Sim
200;1;5;10;Telefone;Produto Defeituoso;Negativo;98;0;Sim
201;14;34;9;E-mail;Cobrança;Neutro;79;0;Não
202;13;25;5;WhatsApp;Produto Defeituoso;Neutro;50;2;Não
203;9;26;6;E-mail;Cobrança;Negativo;63;1;Sim
204;29;51;1;Redes Sociais;Dúvida;Negativo;7;3;Não
205;11;24;6;Chat;Produto Defeituoso;Neutro;63;1;Sim
206;26;54;2;WhatsApp;Produto Defeituoso;Negativo;18;3;Sim
207;13;26;6;Telefone;Produto Defeituoso;Negativo;59;1;Sim
208;22;26;9;Redes Sociais;Cobrança;Negativo;12;0;Não
209;5;13;8;WhatsApp;Cobrança;Negativo;80;0;Sim
210;14;47;9;Telefone;Produto Defeituoso;Neutro;87;1;Sim
211;1;5;10;WhatsApp;Produto Defeituoso;Negativo;100;0;Sim
212;4;13;8;Redes Sociais;Dúvida;Positivo;82;0;Não
213;21;37;3;WhatsApp;Dúvida;Negativo;32;2;Não
214;6;9;8;E-mail;Atendimento Ruim;Positivo;77;0;Sim
215;8;18;6;Redes Sociais;Dúvida;Negativo;64;1;Sim
216;14;20;6;WhatsApp;Dúvida;Positivo;60;1;Sim
217;13;25;6;Chat;Dúvida;Positivo;61;1;Sim
218;21;39;3;WhatsApp;Cobrança;Negativo;33;2;Sim
219;1;5;10;E-mail;Dúvida;Negativo;100;0;Sim
220;25;18;1;Telefone;Dúvida;Negativo;52;2;Não
221;18;42;4;Telefone;Produto Defeituoso;Positivo;38;2;Sim
222;15;55;10;Telefone;Cobrança;Neutro;7;3;Sim
223;12;24;6;Chat;Atendimento Ruim;Neutro;62;1;Sim
224;3;5;10;E-mail;Atendimento Ruim;Negativo;95;0;Sim
225;23;48;2;Redes Sociais;Dúvida;Neutro;20;3;Não
226;11;14;7;Telefone;Atendimento Ruim;Neutro;68;1;Sim
227;9;22;7;E-mail;Atendimento Ruim;Negativo;69;1;Não
228;16;28;4;WhatsApp;Atendimento Ruim;Positivo;45;2;Não
229;20;31;4;Chat;Dúvida;Negativo;39;2;Sim
230;27;60;1;E-mail;Atendimento Ruim;Neutro;6;3;Não
231;19;25;2;E-mail;Dúvida;Positivo;78;2;Não
232;5;10;9;Redes Sociais;Produto Defeituoso;Neutro;86;0;Sim
233;2;5;10;E-mail;Produto Defeituoso;Positivo;98;0;Não
234;5;12;8;Redes Sociais;Atendimento Ruim;Neutro;79;0;Não
235;12;41;8;Chat;Produto Defeituoso;Negativo;19;2;Sim
236;5;5;9;Chat;Dúvida;Neutro;90;0;Não
237;9;23;7;WhatsApp;Produto Defeituoso;Neutro;66;1;Sim
238;4;5;9;Redes Sociais;Atendimento Ruim;Positivo;89;0;Sim
239;1;5;10;Redes Sociais;Dúvida;Neutro;100;0;Sim
240;5;6;2;Telefone;Cobrança;Negativo;97;3;Sim
241;13;23;6;Telefone;Dúvida;Negativo;62;1;Sim
242;20;39;3;WhatsApp;Produto Defeituoso;Negativo;33;2;Não
243;10;23;6;Chat;Cobrança;Positivo;60;1;Sim
244;14;57;3;Telefone;Dúvida;Positivo;70;2;Não
245;6;8;8;E-mail;Cobrança;Neutro;78;0;Não
246;21;37;4;Chat;Cobrança;Neutro;36;2;Não
247;2;5;10;E-mail;Cobrança;Neutro;96;0;Sim
248;12;27;6;Redes Sociais;Dúvida;Positivo;61;1;Não
249;1;8;9;Chat;Produto Defeituoso;Positivo;89;0;Sim
250;25;43;2;WhatsApp;Dúvida;Neutro;21;3;Sim
251;21;47;2;Redes Sociais;Produto Defeituoso;Positivo;25;3;Não
252;8;16;7;Redes Sociais;Dúvida;Positivo;65;1;Sim
253;23;49;2;E-mail;Dúvida;Negativo;15;3;Sim
254;23;45;2;Redes Sociais;Dúvida;Negativo;19;3;Não
255;18;37;4;Telefone;Produto Defeituoso;Neutro;36;2;Não
256;1;32;9;Chat;Dúvida;Neutro;0;2;Não
257;7;12;8;Telefone;Cobrança;Negativo;77;0;Sim
258;1;58;2;E-mail;Dúvida;Positivo;0;3;Não
259;7;16;8;E-mail;Cobrança;Neutro;76;0;Sim
260;14;30;4;Chat;Atendimento Ruim;Neutro;44;2;Não
261;23;43;2;Redes Sociais;Atendimento Ruim;Neutro;24;3;Não
262;1;5;10;WhatsApp;Produto Defeituoso;Positivo;100;0;Sim
263;7;19;7;E-mail;Produto Defeituoso;Negativo;70;1;Sim
264;13;17;6;Chat;Atendimento Ruim;Neutro;62;1;Não
265;1;5;10;WhatsApp;Dúvida;Negativo;100;0;Sim
266;15;32;5;Redes Sociais;Dúvida;Negativo;54;1;Não
267;28;53;1;E-mail;Dúvida;Positivo;12;3;Não
268;22;44;2;Chat;Atendimento Ruim;Positivo;17;3;Não
269;7;17;8;Chat;Cobrança;Positivo;80;0;Sim
270;3;29;1;Chat;Produto Defeituoso;Positivo;25;0;Sim
271;20;39;3;E-mail;Cobrança;Positivo;34;2;Sim
272;22;45;2;WhatsApp;Atendimento Ruim;Positivo;25;3;Não
273;18;33;5;Chat;Cobrança;Neutro;45;2;Sim
274;21;44;4;Redes Sociais;Dúvida;Negativo;35;2;Não
275;2;27;7;Chat;Dúvida;Positivo;35;1;Sim
276;6;27;5;WhatsApp;Cobrança;Neutro;90;3;Não
277;8;13;8;E-mail;Atendimento Ruim;Negativo;77;0;Sim
278;16;41;4;Chat;Cobrança;Positivo;37;2;Não
279;13;23;6;Chat;Dúvida;Positivo;59;1;Não
280;18;10;4;Redes Sociais;Dúvida;Neutro;72;2;Sim
281;26;49;2;Redes Sociais;Atendimento Ruim;Negativo;20;3;Não
282;28;55;1;Chat;Cobrança;Positivo;6;3;Não
283;29;57;1;Chat;Dúvida;Negativo;7;3;Sim
284;5;16;8;Redes Sociais;Dúvida;Neutro;80;0;Sim
285;20;38;4;WhatsApp;Cobrança;Positivo;53;1;Não
286;28;30;5;Telefone;Cobrança;Negativo;47;2;Sim
287;3;8;8;Telefone;Produto Defeituoso;Neutro;83;0;Sim
288;10;20;7;Chat;Atendimento Ruim;Neutro;67;1;Sim
289;5;7;8;Redes Sociais;Atendimento Ruim;Positivo;85;0;Sim
290;6;11;8;E-mail;Cobrança;Negativo;80;0;Não
291;12;20;6;E-mail;Atendimento Ruim;Positivo;65;1;Sim
292;1;5;10;Telefone;Dúvida;Positivo;99;0;Sim
293;23;43;2;WhatsApp;Cobrança;Negativo;19;3;Não
294;10;18;6;Telefone;Cobrança;Negativo;65;1;Sim
295;25;59;1;Chat;Cobrança;Negativo;10;3;Não
296;25;51;1;WhatsApp;Produto Defeituoso;Neutro;10;3;Sim
297;21;41;3;E-mail;Atendimento Ruim;Neutro;25;3;Não
298;18;35;3;Redes Sociais;Produto Defeituoso;Negativo;35;2;Sim
299;15;28;5;Redes Sociais;Dúvida;Neutro;53;1;Sim
300;29;49;1;Chat;Atendimento Ruim;Positivo;9;3;Não
301;1;5;10;Telefone;Produto Defeituoso;Negativo;95;0;Sim
302;13;21;6;Chat;Cobrança;Positivo;62;1;Não
303;8;17;7;Redes Sociais;Produto Defeituoso;Negativo;71;1;Não
304;1;5;10;E-mail;Cobrança;Positivo;100;0;Sim
305;20;43;3;Redes Sociais;Produto Defeituoso;Negativo;29;2;Não
306;18;34;4;WhatsApp;Produto Defeituoso;Positivo;35;2;Não
307;1;5;10;Redes Sociais;Produto Defeituoso;Negativo;100;0;Sim
308;1;5;10;Redes Sociais;Cobrança;Negativo;100;0;Sim
309;1;5;10;WhatsApp;Produto Defeituoso;Neutro;100;0;Sim
310;29;59;10;Telefone;Atendimento Ruim;Positivo;82;0;Não
311;1;5;10;Redes Sociais;Atendimento Ruim;Neutro;99;0;Sim
312;23;44;3;Chat;Atendimento Ruim;Positivo;27;2;Sim
313;3;53;1;Redes Sociais;Cobrança;Neutro;84;1;Sim
314;13;35;8;Chat;Cobrança;Negativo;99;2;Sim
315;1;5;10;WhatsApp;Atendimento Ruim;Neutro;97;0;Sim
316;2;5;10;Redes Sociais;Atendimento Ruim;Neutro;100;0;Não
317;25;42;2;WhatsApp;Atendimento Ruim;Negativo;21;3;Sim
318;28;57;1;WhatsApp;Dúvida;Neutro;8;3;Sim
319;5;6;8;Telefone;Atendimento Ruim;Negativo;81;0;Sim
320;6;16;7;Redes Sociais;Produto Defeituoso;Positivo;10;3;Sim
321;10;22;7;Chat;Dúvida;Neutro;69;1;Sim
322;17;38;4;Chat;Dúvida;Negativo;40;2;Sim
323;2;5;9;Redes Sociais;Cobrança;Negativo;91;0;Sim
324;10;22;6;Telefone;Produto Defeituoso;Neutro;64;1;Sim
325;22;52;2;Telefone;Cobrança;Positivo;21;3;Não
326;24;55;1;Telefone;Cobrança;Neutro;11;3;Não
327;24;53;1;Chat;Produto Defeituoso;Negativo;11;3;Sim
328;2;8;9;WhatsApp;Cobrança;Positivo;95;0;Sim
329;19;35;4;Telefone;Produto Defeituoso;Neutro;41;2;Sim
330;15;36;5;Chat;Produto Defeituoso;Negativo;47;2;Sim
331;21;43;3;Chat;Cobrança;Neutro;27;2;Sim
332;18;34;4;WhatsApp;Atendimento Ruim;Positivo;41;2;Não
333;8;16;8;Redes Sociais;Cobrança;Positivo;76;0;Sim
334;19;34;4;Redes Sociais;Dúvida;Positivo;36;2;Não
335;2;8;9;Telefone;Cobrança;Positivo;87;0;Sim
336;2;5;9;Telefone;Produto Defeituoso;Positivo;88;0;Sim
337;14;19;6;WhatsApp;Dúvida;Neutro;60;1;Sim
338;19;8;2;Telefone;Produto Defeituoso;Positivo;86;3;Sim
339;1;5;10;WhatsApp;Atendimento Ruim;Positivo;100;0;Sim
340;4;39;7;Chat;Atendimento Ruim;Negativo;57;2;Não
341;2;6;9;Telefone;Dúvida;Positivo;91;0;Não
342;13;24;6;Chat;Atendimento Ruim;Negativo;58;1;Sim
343;20;42;3;E-mail;Atendimento Ruim;Negativo;26;2;Não
344;10;15;7;WhatsApp;Cobrança;Negativo;66;1;Sim
345;13;31;5;E-mail;Cobrança;Neutro;48;2;Não
346;26;59;1;Telefone;Atendimento Ruim;Neutro;10;3;Sim
347;23;47;3;Chat;Atendimento Ruim;Negativo;27;2;Sim
348;28;42;5;Telefone;Cobrança;Neutro;87;0;Não
349;9;19;7;E-mail;Atendimento Ruim;Positivo;69;1;Sim
350;4;19;3;Telefone;Atendimento Ruim;Neutro;13;2;Não
351;14;24;6;Redes Sociais;Produto Defeituoso;Positivo;56;1;Não
352;12;31;5;E-mail;Atendimento Ruim;Positivo;52;1;Sim
353;27;58;1;Telefone;Dúvida;Neutro;9;3;Não
354;1;5;10;Chat;Produto Defeituoso;Neutro;100;0;Sim
355;11;22;6;Telefone;Dúvida;Negativo;56;1;Não
356;6;9;8;Chat;Atendimento Ruim;Neutro;81;0;Sim
357;25;52;1;Redes Sociais;Cobrança;Neutro;13;3;Sim
358;23;44;2;Telefone;Produto Defeituoso;Neutro;23;3;Não
359;18;43;4;Redes Sociais;Cobrança;Positivo;35;2;Não
360;25;48;2;E-mail;Produto Defeituoso;Positivo;21;3;Não
361;2;5;9;Chat;Cobrança;Positivo;93;0;Sim
362;1;5;10;E-mail;Produto Defeituoso;Negativo;100;0;Sim
363;15;8;8;Chat;Produto Defeituoso;Negativo;70;2;Sim
364;5;11;8;Redes Sociais;Dúvida;Negativo;76;0;Sim
365;18;34;4;WhatsApp;Cobrança;Positivo;38;2;Não
366;5;28;5;Telefone;Dúvida;Neutro;63;0;Não
367;29;41;4;Redes Sociais;Dúvida;Negativo;17;0;Não
368;1;5;9;Chat;Cobrança;Negativo;92;0;Não
369;28;9;2;Chat;Produto Defeituoso;Positivo;76;2;Não
370;18;38;8;Chat;Dúvida;Negativo;66;2;Sim
371;24;46;2;Chat;Cobrança;Neutro;18;3;Sim
372;25;55;1;Telefone;Produto Defeituoso;Positivo;13;3;Não
373;1;5;10;E-mail;Dúvida;Positivo;100;0;Não
374;21;42;3;WhatsApp;Dúvida;Neutro;25;3;Não
375;4;6;9;Telefone;Dúvida;Neutro;92;0;Sim
376;21;37;3;Chat;Produto Defeituoso;Neutro;29;2;Não
377;20;55;9;Telefone;Dúvida;Negativo;5;3;Não
378;6;11;7;Redes Sociais;Produto Defeituoso;Neutro;72;1;Sim
379;1;5;10;Chat;Atendimento Ruim;Positivo;99;0;Não
380;27;51;1;WhatsApp;Dúvida;Neutro;12;3;Sim
381;18;19;10;Chat;Atendimento Ruim;Positivo;60;1;Não
382;12;22;5;WhatsApp;Cobrança;Positivo;55;1;Não
383;20;45;9;WhatsApp;Dúvida;Negativo;95;2;Não
384;22;41;3;E-mail;Cobrança;Neutro;33;2;Sim
385;13;43;9;E-mail;Cobrança;Negativo;11;0;Não
386;13;28;5;Telefone;Cobrança;Neutro;47;2;Sim
387;2;14;9;Telefone;Atendimento Ruim;Neutro;85;0;Sim
388;1;5;10;WhatsApp;Produto Defeituoso;Neutro;98;0;Sim
389;11;24;6;Chat;Atendimento Ruim;Neutro;59;1;Sim
390;23;21;9;Redes Sociais;Atendimento Ruim;Neutro;66;0;Sim
391;12;26;7;Redes Sociais;Cobrança;Positivo;65;1;Sim
392;9;21;7;Chat;Dúvida;Positivo;72;1;Sim
393;7;9;8;Chat;Produto Defeituoso;Neutro;76;0;Sim
394;8;22;7;E-mail;Cobrança;Positivo;65;1;Sim
395;6;5;9;Redes Sociais;Produto Defeituoso;Negativo;86;0;Sim
396;5;6;9;WhatsApp;Atendimento Ruim;Negativo;89;0;Sim
397;10;24;6;Telefone;Produto Defeituoso;Negativo;63;1;Não
398;10;15;7;E-mail;Produto Defeituoso;Neutro;73;1;Sim
399;27;54;2;Redes Sociais;Dúvida;Neutro;16;3;Não
400;4;40;9;Chat;Cobrança;Positivo;96;1;Não
401;27;60;1;Redes Sociais;Produto Defeituoso;Positivo;7;3;Não
402;28;55;1;WhatsApp;Produto Defeituoso;Positivo;11;3;Não
403;18;41;3;E-mail;Atendimento Ruim;Negativo;35;2;Não
404;12;23;6;Chat;Atendimento Ruim;Negativo;57;1;Sim
405;15;35;5;WhatsApp;Produto Defeituoso;Negativo;45;2;Não
406;26;47;2;Telefone;Cobrança;Negativo;20;3;Não
407;3;12;9;E-mail;Produto Defeituoso;Positivo;87;0;Não
408;3;5;10;WhatsApp;Produto Defeituoso;Neutro;95;0;Sim
409;16;34;4;WhatsApp;Dúvida;Neutro;38;2;Não
410;19;40;4;Chat;Cobrança;Negativo;35;2;Não
411;28;47;5;Telefone;Dúvida;Neutro;70;2;Não
412;5;19;8;WhatsApp;Cobrança;Neutro;76;0;Sim
413;1;5;10;E-mail;Cobrança;Neutro;100;0;Sim
414;16;37;4;WhatsApp;Cobrança;Negativo;42;2;Não
415;18;27;5;Redes Sociais;Dúvida;Positivo;46;2;Não
416;15;28;4;E-mail;Dúvida;Positivo;45;2;Não
417;14;30;6;E-mail;Dúvida;Neutro;56;1;Não
418;18;44;3;WhatsApp;Atendimento Ruim;Positivo;35;2;Não
419;2;8;8;Chat;Dúvida;Positivo;85;0;Sim
420;9;16;6;E-mail;Atendimento Ruim;Negativo;64;1;Sim
421;1;5;10;Redes Sociais;Atendimento Ruim;Negativo;100;0;Sim
422;15;23;5;Chat;Atendimento Ruim;Neutro;52;1;Sim
423;23;44;2;Chat;Produto Defeituoso;Neutro;20;3;Não
424;1;5;10;Chat;Produto Defeituoso;Neutro;100;0;Sim
425;1;5;10;E-mail;Produto Defeituoso;Negativo;98;0;Não
426;9;21;7;Chat;Atendimento Ruim;Positivo;67;1;Sim
427;27;47;2;WhatsApp;Atendimento Ruim;Negativo;15;3;Sim
428;24;54;1;Chat;Cobrança;Negativo;15;3;Não
429;7;22;7;Redes Sociais;Atendimento Ruim;Positivo;67;1;Sim
430;15;24;5;Telefone;Produto Defeituoso;Positivo;53;1;Não
431;28;49;1;Redes Sociais;Atendimento Ruim;Neutro;9;3;Não
432;16;40;4;E-mail;Atendimento Ruim;Positivo;40;2;Não
433;15;20;4;Chat;Cobrança;Positivo;71;3;Não
434;3;6;10;Chat;Atendimento Ruim;Positivo;95;0;Sim
435;25;51;7;WhatsApp;Dúvida;Positivo;8;3;Sim
436;4;11;9;Chat;Cobrança;Neutro;85;0;Não
437;23;46;2;Redes Sociais;Atendimento Ruim;Neutro;18;3;Não
438;27;50;1;E-mail;Atendimento Ruim;Positivo;7;3;Sim
439;23;50;2;Telefone;Cobrança;Positivo;25;3;Sim
440;9;15;7;Chat;Atendimento Ruim;Neutro;44;2;Sim
441;2;5;10;Telefone;Produto Defeituoso;Neutro;100;0;Sim
442;8;17;6;Chat;Dúvida;Positivo;65;1;Sim
443;17;36;4;E-mail;Dúvida;Negativo;41;2;Não
444;25;52;1;Redes Sociais;Produto Defeituoso;Neutro;12;3;Não
445;25;56;1;E-mail;Atendimento Ruim;Neutro;14;3;Sim
446;15;25;5;Telefone;Atendimento Ruim;Neutro;51;1;Não
447;25;49;1;Chat;Dúvida;Positivo;14;3;Não
448;24;6;7;Telefone;Atendimento Ruim;Positivo;32;1;Sim
449;27;50;1;Redes Sociais;Dúvida;Neutro;8;3;Sim
450;27;48;1;E-mail;Dúvida;Positivo;15;3;Não
451;23;46;2;Telefone;Produto Defeituoso;Positivo;20;3;Sim
452;1;5;10;Telefone;Dúvida;Neutro;97;0;Sim
453;19;42;3;Redes Sociais;Atendimento Ruim;Positivo;27;2;Não
454;26;53;1;Chat;Atendimento Ruim;Negativo;10;3;Sim
455;3;10;9;Telefone;Cobrança;Positivo;85;0;Sim
456;1;7;10;Redes Sociais;Atendimento Ruim;Positivo;95;0;Sim
457;6;14;8;Chat;Cobrança;Neutro;79;0;Sim
458;16;36;5;Chat;Dúvida;Neutro;45;2;Não
459;22;46;2;E-mail;Atendimento Ruim;Negativo;24;3;Sim
460;15;27;5;Redes Sociais;Produto Defeituoso;Positivo;52;1;Não
461;9;23;6;Chat;Produto Defeituoso;Negativo;90;3;Não
462;29;56;1;E-mail;Produto Defeituoso;Negativo;10;3;Sim
463;14;37;4;WhatsApp;Dúvida;Neutro;44;2;Não
464;1;6;9;Redes Sociais;Dúvida;Positivo;94;0;Sim
465;24;52;2;WhatsApp;Cobrança;Neutro;19;3;Não
466;11;29;5;Chat;Produto Defeituoso;Negativo;54;1;Não
467;26;27;1;Redes Sociais;Cobrança;Negativo;22;2;Não
468;18;37;4;E-mail;Cobrança;Neutro;35;2;Não
469;17;40;4;Chat;Atendimento Ruim;Neutro;37;2;Não
470;7;15;6;Redes Sociais;Atendimento Ruim;Neutro;86;1;Sim
471;1;6;10;Redes Sociais;Produto Defeituoso;Neutro;96;0;Não
472;3;12;9;WhatsApp;Dúvida;Neutro;86;0;Sim
473;24;47;3;Chat;Atendimento Ruim;Negativo;26;2;Não
474;3;7;9;E-mail;Dúvida;Neutro;95;0;Sim
475;11;24;6;E-mail;Cobrança;Positivo;55;1;Sim
476;7;20;7;Chat;Cobrança;Negativo;74;1;Não
477;3;5;10;Chat;Cobrança;Negativo;96;0;Sim
478;22;53;2;Telefone;Cobrança;Positivo;20;3;Não
479;1;5;10;WhatsApp;Produto Defeituoso;Positivo;97;0;Sim
480;8;21;6;Chat;Cobrança;Negativo;64;1;Sim
481;28;13;6;Chat;Atendimento Ruim;Neutro;49;1;Sim
482;23;50;2;Telefone;Cobrança;Negativo;15;3;Não
483;21;45;2;Telefone;Dúvida;Negativo;22;3;Sim
484;26;45;2;Redes Sociais;Atendimento Ruim;Positivo;18;3;Não
485;1;5;10;E-mail;Dúvida;Negativo;100;0;Sim
486;25;53;1;WhatsApp;Dúvida;Neutro;8;3;Sim
487;17;29;5;Redes Sociais;Produto Defeituoso;Positivo;46;2;Não
488;5;15;8;Chat;Produto Defeituoso;Negativo;77;0;Sim
489;23;46;2;Telefone;Dúvida;Negativo;19;3;Não
490;12;32;5;E-mail;Dúvida;Neutro;54;1;Não
491;5;10;8;Redes Sociais;Cobrança;Negativo;80;0;Não
492;1;5;10;E-mail;Atendimento Ruim;Negativo;100;0;Não
493;13;26;5;Telefone;Cobrança;Negativo;48;2;Sim
494;3;25;2;Redes Sociais;Produto Defeituoso;Negativo;11;1;Não
495;20;40;3;Redes Sociais;Produto Defeituoso;Neutro;34;2;Não
496;14;21;6;E-mail;Cobrança;Negativo;57;1;Não
497;15;34;5;Telefone;Atendimento Ruim;Negativo;51;1;Não
498;20;37;4;Chat;Dúvida;Negativo;38;2;Não
499;19;36;4;Redes Sociais;Cobrança;Positivo;42;2;Não
500;22;8;5;Chat;Produto Defeituoso;Neutro;75;2;Não
501;21;46;2;Telefone;Atendimento Ruim;Positivo;21;3;Sim
502;1;5;9;Redes Sociais;Produto Defeituoso;Positivo;92;0;Sim
503;21;50;2;Redes Sociais;Atendimento Ruim;Neutro;22;3;Sim
504;8;18;10;Chat;Atendimento Ruim;Positivo;57;1;Não
505;23;46;2;WhatsApp;Atendimento Ruim;Positivo;23;3;Não
506;2;5;10;Chat;Cobrança;Positivo;100;0;Sim
507;2;6;9;Chat;Cobrança;Neutro;95;0;Sim
508;21;46;3;WhatsApp;Cobrança;Negativo;28;2;Sim
509;1;5;10;Telefone;Atendimento Ruim;Neutro;99;0;Sim
510;19;5;7;Telefone;Atendimento Ruim;Neutro;89;0;Sim
511;19;33;4;Redes Sociais;Produto Defeituoso;Neutro;39;2;Não
512;13;22;6;E-mail;Dúvida;Positivo;61;1;Sim
513;8;47;4;E-mail;Cobrança;Negativo;82;1;Não
514;2;5;10;Redes Sociais;Atendimento Ruim;Neutro;100;0;Sim
515;7;21;7;E-mail;Produto Defeituoso;Neutro;73;1;Não
516;29;53;1;Chat;Produto Defeituoso;Negativo;8;3;Sim
517;17;39;3;Chat;Produto Defeituoso;Negativo;34;2;Sim
518;19;39;3;WhatsApp;Cobrança;Negativo;34;2;Não
519;27;54;1;WhatsApp;Cobrança;Positivo;8;3;Não
520;10;19;6;Redes Sociais;Dúvida;Negativo;60;1;Não
521;11;59;9;Redes Sociais;Produto Defeituoso;Positivo;85;3;Não
522;3;11;8;Redes Sociais;Cobrança;Neutro;83;0;Sim
523;11;25;7;Chat;Produto Defeituoso;Positivo;65;1;Não
524;1;5;10;E-mail;Atendimento Ruim;Negativo;95;0;Sim
525;7;5;8;Redes Sociais;Produto Defeituoso;Positivo;82;0;Não
526;8;25;6;Redes Sociais;Dúvida;Negativo;65;1;Não
527;1;6;9;Chat;Cobrança;Positivo;91;0;Sim
528;18;38;3;Chat;Atendimento Ruim;Neutro;33;2;Sim
529;21;14;10;Chat;Cobrança;Positivo;93;0;Sim
530;2;5;10;E-mail;Atendimento Ruim;Neutro;97;0;Sim
531;2;5;9;Redes Sociais;Produto Defeituoso;Negativo;94;0;Não
532;19;11;4;Telefone;Produto Defeituoso;Neutro;46;2;Não
533;11;18;7;Telefone;Dúvida;Negativo;67;1;Sim
534;5;5;9;Redes Sociais;Dúvida;Negativo;89;0;Sim
535;24;43;2;Redes Sociais;Atendimento Ruim;Neutro;24;3;Não
536;1;42;2;Redes Sociais;Dúvida;Neutro;9;0;Não
537;1;5;9;Redes Sociais;Dúvida;Positivo;95;0;Sim
538;19;44;3;E-mail;Dúvida;Positivo;28;2;Não
539;2;14;9;Telefone;Dúvida;Neutro;68;3;Sim
540;18;33;5;WhatsApp;Produto Defeituoso;Neutro;46;2;Sim
541;5;52;6;Telefone;Dúvida;Neutro;35;2;Não
542;25;23;2;Telefone;Produto Defeituoso;Neutro;67;0;Não
543;15;21;8;Chat;Produto Defeituoso;Negativo;0;1;Não
544;1;7;9;Redes Sociais;Cobrança;Neutro;88;0;Sim
545;29;7;2;Redes Sociais;Produto Defeituoso;Neutro;47;0;Sim
546;5;55;6;Redes Sociais;Produto Defeituoso;Neutro;51;3;Sim
547;11;24;6;Chat;Dúvida;Neutro;59;1;Sim
548;6;8;8;E-mail;Produto Defeituoso;Negativo;78;0;Sim
549;22;23;10;E-mail;Atendimento Ruim;Positivo;45;2;Sim
550;27;23;5;WhatsApp;Dúvida;Positivo;83;0;Sim
551;26;54;9;E-mail;Dúvida;Positivo;50;2;Não
552;17;30;1;E-mail;Dúvida;Positivo;35;2;Sim
553;5;26;9;Redes Sociais;Cobrança;Positivo;48;3;Sim
554;1;5;10;Telefone;Dúvida;Negativo;95;0;Sim
555;7;15;7;E-mail;Produto Defeituoso;Positivo;70;1;Não
556;18;36;4;E-mail;Atendimento Ruim;Negativo;36;2;Não
557;23;44;3;Chat;Dúvida;Negativo;28;2;Não
558;28;34;10;WhatsApp;Dúvida;Positivo;34;1;Não
559;11;29;6;Chat;Atendimento Ruim;Positivo;59;1;Sim
560;17;18;1;Redes Sociais;Dúvida;Positivo;12;2;Não
561;19;45;3;Telefone;Cobrança;Neutro;30;2;Sim
562;22;49;2;WhatsApp;Produto Defeituoso;Negativo;17;3;Não
563;1;7;9;Chat;Atendimento Ruim;Positivo;89;0;Sim
564;21;42;3;E-mail;Atendimento Ruim;Neutro;26;2;Sim
565;21;43;2;E-mail;Cobrança;Negativo;21;3;Não
566;18;40;4;WhatsApp;Produto Defeituoso;Neutro;37;2;Sim
567;9;30;2;E-mail;Cobrança;Neutro;86;0;Sim
568;27;50;1;Chat;Produto Defeituoso;Positivo;12;3;Sim
569;9;19;6;Chat;Cobrança;Negativo;62;1;Não
570;1;5;10;E-mail;Dúvida;Neutro;97;0;Sim
571;3;16;8;E-mail;Cobrança;Negativo;81;0;Sim
572;1;5;10;Redes Sociais;Atendimento Ruim;Positivo;100;0;Sim
573;1;5;10;Telefone;Atendimento Ruim;Negativo;100;0;Sim
574;26;44;2;WhatsApp;Atendimento Ruim;Neutro;17;3;Não
575;7;20;9;Chat;Cobrança;Neutro;99;0;Sim
576;19;34;3;WhatsApp;Atendimento Ruim;Negativo;34;2;Não
577;6;7;8;Redes Sociais;Atendimento Ruim;Neutro;81;0;Sim
578;12;13;8;Chat;Dúvida;Neutro;28;1;Não
579;18;42;3;Redes Sociais;Dúvida;Neutro;33;2;Não
580;23;46;3;Redes Sociais;Produto Defeituoso;Positivo;29;2;Não
581;12;23;6;E-mail;Produto Defeituoso;Positivo;58;1;Não
582;27;50;1;WhatsApp;Produto Defeituoso;Neutro;12;3;Não
583;17;26;4;WhatsApp;Cobrança;Negativo;68;1;Não
584;29;58;1;E-mail;Produto Defeituoso;Positivo;8;3;Não
585;20;45;3;WhatsApp;Cobrança;Negativo;26;2;Não
586;3;5;9;E-mail;Cobrança;Neutro;85;0;Não
587;16;28;5;Chat;Produto Defeituoso;Neutro;48;2;Não
588;13;27;5;Redes Sociais;Produto Defeituoso;Negativo;51;1;Não
589;18;32;4;Redes Sociais;Cobrança;Positivo;43;2;Não
590;18;44;3;WhatsApp;Dúvida;Negativo;33;2;Não
591;11;29;5;Telefone;Atendimento Ruim;Negativo;54;1;Sim
592;20;43;4;Redes Sociais;Atendimento Ruim;Neutro;35;2;Não
593;8;16;8;E-mail;Atendimento Ruim;Positivo;79;0;Sim
594;15;35;4;Telefone;Dúvida;Negativo;41;2;Não
595;3;8;8;Telefone;Cobrança;Positivo;81;0;Sim
596;10;26;6;Redes Sociais;Produto Defeituoso;Neutro;64;1;Não
597;13;33;5;Redes Sociais;Cobrança;Positivo;50;2;Não
598;16;37;4;Redes Sociais;Cobrança;Neutro;45;2;Não
599;14;35;4;E-mail;Produto Defeituoso;Positivo;44;2;Não
600;16;40;4;Telefone;Dúvida;Negativo;38;2;Não
601;5;6;9;WhatsApp;Atendimento Ruim;Neutro;87;0;Sim
602;19;31;4;E-mail;Atendimento Ruim;Negativo;43;2;Não
603;1;5;9;Chat;Cobrança;Neutro;94;0;Sim
604;1;5;10;Redes Sociais;Dúvida;Positivo;98;0;Sim
605;12;25;6;Telefone;Atendimento Ruim;Positivo;62;1;Sim
606;1;6;10;E-mail;Dúvida;Neutro;95;0;Não
607;9;14;7;Chat;Produto Defeituoso;Neutro;71;1;Sim
608;1;5;10;E-mail;Cobrança;Neutro;100;0;Sim
609;24;45;3;E-mail;Cobrança;Positivo;25;3;Sim
610;5;11;8;WhatsApp;Dúvida;Neutro;78;0;Sim
611;18;47;3;WhatsApp;Atendimento Ruim;Neutro;18;1;Sim
612;26;55;1;E-mail;Dúvida;Negativo;15;3;Não
613;1;5;10;Chat;Produto Defeituoso;Neutro;100;0;Sim
614;17;36;5;Telefone;Atendimento Ruim;Negativo;48;2;Não
615;10;51;2;Telefone;Atendimento Ruim;Negativo;62;1;Não
616;1;5;10;Redes Sociais;Dúvida;Negativo;96;0;Não
617;10;21;6;Redes Sociais;Produto Defeituoso;Positivo;58;1;Sim
618;6;9;10;Telefone;Atendimento Ruim;Negativo;47;1;Sim
619;13;20;9;E-mail;Cobrança;Neutro;61;0;Não
620;26;26;1;E-mail;Produto Defeituoso;Positivo;80;1;Não
621;14;29;4;WhatsApp;Atendimento Ruim;Positivo;44;2;Não
622;26;58;1;WhatsApp;Dúvida;Positivo;9;3;Não
623;25;49;1;Redes Sociais;Atendimento Ruim;Positivo;11;3;Não
624;3;11;8;Telefone;Cobrança;Positivo;83;0;Sim
625;27;45;2;E-mail;Produto Defeituoso;Positivo;16;3;Não
626;28;55;1;Telefone;Atendimento Ruim;Positivo;9;3;Não
627;4;13;8;Chat;Cobrança;Negativo;85;0;Sim
628;14;32;4;Telefone;Atendimento Ruim;Neutro;44;2;Sim
629;13;16;3;Chat;Atendimento Ruim;Neutro;55;2;Não
630;18;37;4;WhatsApp;Produto Defeituoso;Negativo;37;2;Não
631;16;34;5;WhatsApp;Dúvida;Negativo;45;2;Sim
632;27;51;1;Redes Sociais;Dúvida;Positivo;6;3;Sim
633;27;57;1;Telefone;Cobrança;Positivo;10;3;Sim
634;22;43;3;Telefone;Cobrança;Negativo;29;2;Não
635;14;22;6;Chat;Cobrança;Positivo;55;1;Não
636;29;54;1;WhatsApp;Produto Defeituoso;Neutro;5;3;Não
637;23;44;2;Chat;Dúvida;Neutro;25;3;Não
638;10;17;7;WhatsApp;Cobrança;Positivo;68;1;Sim
639;26;51;1;Chat;Cobrança;Positivo;8;3;Não
640;7;13;7;WhatsApp;Atendimento Ruim;Positivo;70;1;Sim
641;18;34;4;Chat;Atendimento Ruim;Neutro;40;2;Sim
642;1;5;10;WhatsApp;Cobrança;Positivo;100;0;Não
643;12;29;6;Chat;Atendimento Ruim;Negativo;60;1;Sim
644;6;13;8;Telefone;Atendimento Ruim;Positivo;75;1;Não
645;1;6;9;Redes Sociais;Atendimento Ruim;Negativo;94;0;Não
646;13;24;6;Chat;Produto Defeituoso;Positivo;63;1;Não
647;3;5;9;Redes Sociais;Cobrança;Positivo;95;0;Não
648;16;34;4;Telefone;Cobrança;Neutro;41;2;Não
649;10;18;6;Telefone;Atendimento Ruim;Negativo;61;1;Sim
650;4;12;8;WhatsApp;Produto Defeituoso;Negativo;85;0;Não
651;1;5;9;Redes Sociais;Atendimento Ruim;Negativo;91;0;Sim
652;20;44;3;E-mail;Produto Defeituoso;Neutro;26;2;Sim
653;25;54;2;WhatsApp;Cobrança;Negativo;16;3;Sim
654;11;23;6;Redes Sociais;Atendimento Ruim;Neutro;60;1;Sim
655;8;21;4;Chat;Cobrança;Positivo;77;2;Sim
656;27;57;1;Chat;Produto Defeituoso;Positivo;7;3;Não
657;7;18;8;Telefone;Dúvida;Negativo;78;0;Não
658;5;5;9;E-mail;Produto Defeituoso;Positivo;87;0;Sim
659;2;5;9;Chat;Dúvida;Positivo;91;0;Não
660;23;47;2;Redes Sociais;Cobrança;Negativo;21;3;Não
661;4;11;9;Redes Sociais;Cobrança;Positivo;88;0;Não
662;7;14;7;Chat;Atendimento Ruim;Negativo;71;1;Sim
663;6;49;5;Redes Sociais;Dúvida;Negativo;73;2;Não
664;11;26;7;Redes Sociais;Produto Defeituoso;Positivo;65;1;Não
665;1;5;9;Telefone;Cobrança;Positivo;94;0;Sim
666;7;12;8;E-mail;Dúvida;Positivo;78;0;Sim
667;13;26;6;Telefone;Produto Defeituoso;Positivo;61;1;Não
668;21;38;4;E-mail;Dúvida;Positivo;36;2;Não
669;27;60;1;Redes Sociais;Produto Defeituoso;Neutro;6;3;Sim
670;12;25;6;E-mail;Produto Defeituoso;Positivo;55;1;Sim
671;24;46;3;Redes Sociais;Produto Defeituoso;Neutro;26;2;Não
672;12;24;6;Redes Sociais;Produto Defeituoso;Negativo;64;1;Não
673;11;26;6;Telefone;Dúvida;Positivo;62;1;Sim
674;18;32;4;Telefone;Dúvida;Positivo;45;2;Não
675;22;42;2;WhatsApp;Atendimento Ruim;Positivo;22;3;Sim
676;4;5;9;Chat;Dúvida;Negativo;92;0;Não
677;24;56;2;WhatsApp;Dúvida;Neutro;15;3;Sim
678;20;47;3;WhatsApp;Atendimento Ruim;Neutro;25;3;Não
679;2;5;10;E-mail;Dúvida;Positivo;100;0;Sim
680;26;50;1;Redes Sociais;Produto Defeituoso;Positivo;8;3;Não
681;10;20;7;Redes Sociais;Cobrança;Positivo;70;1;Não
682;26;55;1;Redes Sociais;Cobrança;Positivo;12;3;Não
683;3;5;9;Chat;Atendimento Ruim;Negativo;86;0;Não
684;29;57;1;E-mail;Dúvida;Positivo;7;3;Não
685;17;34;5;E-mail;Dúvida;Negativo;50;2;Sim
686;5;11;7;Redes Sociais;Atendimento Ruim;Positivo;74;1;Sim
687;22;41;3;WhatsApp;Cobrança;Neutro;28;2;Sim
688;3;5;9;Chat;Produto Defeituoso;Neutro;86;0;Sim
689;6;7;8;WhatsApp;Dúvida;Positivo;81;0;Sim
690;19;47;3;Telefone;Atendimento Ruim;Positivo;28;2;Sim
691;14;25;5;E-mail;Produto Defeituoso;Negativo;52;1;Sim
692;9;18;7;E-mail;Atendimento Ruim;Positivo;72;1;Sim
693;15;33;4;WhatsApp;Atendimento Ruim;Positivo;41;2;Não
694;12;28;5;Chat;Atendimento Ruim;Positivo;54;1;Não
695;20;44;3;E-mail;Cobrança;Neutro;33;2;Não
696;5;5;9;WhatsApp;Cobrança;Negativo;88;0;Sim
697;1;5;10;Chat;Atendimento Ruim;Neutro;100;0;Sim
698;3;8;9;WhatsApp;Dúvida;Negativo;94;0;Sim
699;7;12;7;Chat;Produto Defeituoso;Neutro;74;1;Sim
700;1;5;10;Redes Sociais;Dúvida;Positivo;95;0;Sim
701;22;49;2;Chat;Cobrança;Neutro;18;3;Não
702;10;20;7;Telefone;Produto Defeituoso;Neutro;66;1;Sim
703;7;11;7;Redes Sociais;Atendimento Ruim;Negativo;73;1;Sim
704;13;31;5;WhatsApp;Dúvida;Negativo;49;2;Sim
705;3;5;9;Redes Sociais;Dúvida;Neutro;87;0;Sim
706;22;48;3;Redes Sociais;Atendimento Ruim;Negativo;28;2;Sim
707;20;33;4;WhatsApp;Dúvida;Negativo;40;2;Sim
708;23;53;1;WhatsApp;Cobrança;Negativo;14;3;Não
709;2;40;6;Telefone;Atendimento Ruim;Negativo;84;3;Não
710;15;38;4;WhatsApp;Dúvida;Negativo;41;2;Sim
711;25;54;1;E-mail;Atendimento Ruim;Neutro;12;3;Sim
712;23;49;2;E-mail;Produto Defeituoso;Negativo;21;3;Não
713;18;38;3;Telefone;Atendimento Ruim;Positivo;31;2;Não
714;2;5;9;Chat;Dúvida;Neutro;93;0;Não
715;4;9;8;Chat;Cobrança;Neutro;78;0;Sim
716;7;13;7;E-mail;Atendimento Ruim;Neutro;71;1;Não
717;16;32;4;WhatsApp;Atendimento Ruim;Negativo;43;2;Sim
718;28;54;1;Telefone;Dúvida;Positivo;9;3;Não
719;6;13;8;Chat;Cobrança;Negativo;76;0;Não
720;18;31;4;Chat;Cobrança;Neutro;39;2;Não
721;20;47;3;Redes Sociais;Produto Defeituoso;Neutro;28;2;Não
722;1;5;9;E-mail;Produto Defeituoso;Neutro;92;0;Sim
723;1;5;10;WhatsApp;Dúvida;Neutro;99;0;Sim
724;17;31;4;Telefone;Cobrança;Negativo;43;2;Não
725;10;21;4;Chat;Cobrança;Positivo;40;0;Não
726;4;8;9;Redes Sociais;Produto Defeituoso;Positivo;87;0;Sim
727;11;19;2;E-mail;Produto Defeituoso;Neutro;89;3;Sim
728;16;25;5;E-mail;Dúvida;Positivo;50;2;Não
729;16;40;4;Telefone;Cobrança;Neutro;40;2;Não
730;4;5;9;Chat;Atendimento Ruim;Neutro;88;0;Sim
731;12;29;5;Telefone;Produto Defeituoso;Positivo;55;1;Não
732;1;5;9;Telefone;Dúvida;Neutro;94;0;Sim
733;1;11;9;Redes Sociais;Cobrança;Positivo;87;0;Sim
734;23;49;2;E-mail;Cobrança;Neutro;15;3;Não
735;4;8;9;WhatsApp;Produto Defeituoso;Positivo;91;0;Sim
736;21;40;3;E-mail;Dúvida;Neutro;29;2;Não
737;18;37;4;E-mail;Atendimento Ruim;Positivo;44;2;Não
738;28;55;1;Redes Sociais;Produto Defeituoso;Neutro;11;3;Não
739;30;58;1;WhatsApp;Dúvida;Neutro;5;3;Sim
740;26;49;1;Chat;Cobrança;Neutro;12;3;Não
741;5;8;9;WhatsApp;Atendimento Ruim;Positivo;87;0;Não
742;6;12;8;Chat;Dúvida;Negativo;81;0;Sim
743;13;35;5;WhatsApp;Atendimento Ruim;Neutro;47;2;Não
744;13;28;5;Telefone;Dúvida;Neutro;47;2;Não
745;1;5;9;WhatsApp;Dúvida;Positivo;94;0;Não
746;21;43;3;Redes Sociais;Dúvida;Neutro;33;2;Não
747;22;39;3;Chat;Dúvida;Neutro;26;2;Sim
748;7;20;7;E-mail;Atendimento Ruim;Neutro;68;1;Sim
749;5;5;9;Redes Sociais;Produto Defeituoso;Neutro;90;0;Não
750;11;21;6;Chat;Atendimento Ruim;Negativo;57;1;Sim
751;21;28;2;Chat;Dúvida;Negativo;97;0;Não
752;23;53;1;E-mail;Atendimento Ruim;Neutro;14;3;Não
753;24;48;2;Telefone;Atendimento Ruim;Neutro;21;3;Sim
754;25;54;1;Redes Sociais;Atendimento Ruim;Neutro;11;3;Não
755;1;5;10;E-mail;Dúvida;Negativo;99;0;Sim
756;1;5;10;E-mail;Atendimento Ruim;Negativo;97;0;Não
757;2;10;9;Telefone;Cobrança;Positivo;86;0;Sim
758;1;5;10;Redes Sociais;Dúvida;Positivo;98;0;Sim
759;7;9;8;E-mail;Atendimento Ruim;Neutro;78;0;Sim
760;8;14;7;Telefone;Cobrança;Neutro;75;1;Sim
761;21;35;3;Redes Sociais;Atendimento Ruim;Negativo;32;2;Não
762;3;10;8;WhatsApp;Produto Defeituoso;Neutro;82;0;Sim
763;23;46;2;Chat;Atendimento Ruim;Neutro;19;3;Não
764;6;14;2;Telefone;Atendimento Ruim;Negativo;40;2;Sim
765;1;5;10;Chat;Produto Defeituoso;Negativo;100;0;Sim
766;20;42;3;WhatsApp;Dúvida;Negativo;25;3;Sim
767;7;23;7;E-mail;Produto Defeituoso;Negativo;69;1;Sim
768;26;57;1;E-mail;Dúvida;Positivo;8;3;Não
769;7;14;8;Redes Sociais;Produto Defeituoso;Negativo;78;0;Sim
770;5;10;7;Telefone;Atendimento Ruim;Negativo;75;1;Não
771;21;38;4;Telefone;Atendimento Ruim;Neutro;36;2;Não
772;20;56;5;Redes Sociais;Dúvida;Neutro;0;0;Não
773;1;8;10;Chat;Dúvida;Neutro;95;0;Sim
774;29;52;1;E-mail;Cobrança;Positivo;10;3;Não
775;10;25;4;E-mail;Cobrança;Negativo;32;2;Não
776;29;58;1;Telefone;Atendimento Ruim;Negativo;9;3;Sim
777;24;55;1;Telefone;Atendimento Ruim;Positivo;12;3;Sim
778;1;5;10;Redes Sociais;Cobrança;Negativo;100;0;Sim
779;23;46;1;WhatsApp;Cobrança;Neutro;15;3;Não
780;25;40;7;Chat;Dúvida;Positivo;53;1;Sim
781;9;17;7;WhatsApp;Produto Defeituoso;Negativo;66;1;Sim
782;15;31;4;WhatsApp;Dúvida;Positivo;45;2;Não
783;25;48;2;Telefone;Cobrança;Positivo;18;3;Não
784;20;34;3;Telefone;Atendimento Ruim;Negativo;35;2;Não
785;5;10;8;Telefone;Cobrança;Neutro;83;0;Sim
786;6;16;8;WhatsApp;Atendimento Ruim;Negativo;79;0;Não
787;14;34;6;Chat;Atendimento Ruim;Negativo;49;0;Não
788;2;5;10;Telefone;Atendimento Ruim;Neutro;100;0;Sim
789;3;12;9;E-mail;Atendimento Ruim;Negativo;87;0;Não
790;3;10;9;Chat;Produto Defeituoso;Negativo;89;0;Sim
791;5;21;4;E-mail;Cobrança;Negativo;90;2;Não
792;28;56;1;Chat;Dúvida;Positivo;10;3;Sim
793;26;51;1;Telefone;Atendimento Ruim;Positivo;14;3;Não
794;1;5;10;Redes Sociais;Atendimento Ruim;Positivo;99;0;Sim
795;1;35;5;Telefone;Dúvida;Negativo;12;0;Não
796;25;52;2;WhatsApp;Dúvida;Neutro;17;3;Não
797;13;24;6;WhatsApp;Atendimento Ruim;Positivo;60;1;Sim
798;7;18;7;Chat;Dúvida;Neutro;72;1;Não
799;24;55;1;WhatsApp;Dúvida;Negativo;11;3;Não
800;12;25;6;Telefone;Produto Defeituoso;Positivo;60;1;Não
801;24;40;8;E-mail;Dúvida;Negativo;73;2;Sim
802;13;33;5;Telefone;Cobrança;Neutro;51;1;Sim
803;6;11;7;Chat;Cobrança;Positivo;72;1;Não
804;1;5;10;WhatsApp;Cobrança;Positivo;95;0;Sim
805;10;26;6;E-mail;Atendimento Ruim;Positivo;63;1;Não
806;20;41;4;Redes Sociais;Cobrança;Positivo;38;2;Não
807;10;12;7;E-mail;Produto Defeituoso;Neutro;72;1;Não
808;1;5;10;E-mail;Cobrança;Positivo;100;0;Sim
809;4;5;9;Telefone;Atendimento Ruim;Negativo;91;0;Não
810;2;5;10;Redes Sociais;Produto Defeituoso;Positivo;100;0;Sim
811;2;5;10;Chat;Cobrança;Neutro;100;0;Sim
812;25;58;7;Chat;Produto Defeituoso;Positivo;42;3;Sim
813;18;35;5;E-mail;Produto Defeituoso;Neutro;45;2;Não
814;9;22;7;E-mail;Atendimento Ruim;Neutro;68;1;Não
815;20;46;3;WhatsApp;Atendimento Ruim;Negativo;26;2;Sim
816;22;46;2;Redes Sociais;Produto Defeituoso;Positivo;22;3;Não
817;15;26;5;E-mail;Cobrança;Positivo;54;1;Sim
818;18;32;4;WhatsApp;Atendimento Ruim;Positivo;41;2;Não
819;9;42;5;Redes Sociais;Produto Defeituoso;Negativo;64;1;Sim
820;3;10;8;Chat;Dúvida;Negativo;85;0;Sim
821;18;35;4;WhatsApp;Dúvida;Neutro;40;2;Não
822;3;9;9;Redes Sociais;Atendimento Ruim;Neutro;85;0;Sim
823;24;57;7;WhatsApp;Cobrança;Neutro;99;1;Não
824;1;5;10;E-mail;Dúvida;Negativo;100;0;Sim
825;2;52;7;Telefone;Dúvida;Negativo;80;2;Não
826;24;21;8;Chat;Dúvida;Negativo;37;3;Sim
827;11;31;6;E-mail;Cobrança;Neutro;55;1;Não
828;6;9;8;E-mail;Cobrança;Negativo;82;0;Sim
829;22;42;3;Redes Sociais;Atendimento Ruim;Neutro;30;2;Não
830;1;5;10;WhatsApp;Atendimento Ruim;Neutro;100;0;Não
831;13;38;10;Chat;Dúvida;Positivo;85;1;Não
832;24;48;1;E-mail;Cobrança;Positivo;15;3;Não
833;12;22;6;Redes Sociais;Produto Defeituoso;Positivo;62;1;Sim
834;24;56;1;Chat;Dúvida;Neutro;14;3;Sim
835;3;10;9;WhatsApp;Atendimento Ruim;Positivo;91;0;Sim
836;19;31;2;E-mail;Cobrança;Positivo;93;2;Sim
837;20;45;2;E-mail;Atendimento Ruim;Positivo;24;3;Sim
838;7;19;7;E-mail;Atendimento Ruim;Negativo;68;1;Não
839;22;41;2;Chat;Cobrança;Neutro;23;3;Não
840;2;5;10;Chat;Dúvida;Positivo;96;0;Sim
841;2;7;8;Chat;Cobrança;Negativo;85;0;Sim
842;12;18;6;Chat;Dúvida;Negativo;63;1;Sim
843;9;10;7;Redes Sociais;Atendimento Ruim;Negativo;74;1;Sim
844;8;16;7;Telefone;Cobrança;Positivo;67;1;Sim
845;14;23;6;Redes Sociais;Produto Defeituoso;Negativo;56;1;Sim
846;1;5;10;E-mail;Dúvida;Neutro;98;0;Não
847;4;5;9;Redes Sociais;Produto Defeituoso;Negativo;89;0;Não
848;5;9;9;WhatsApp;Dúvida;Negativo;86;0;Não
849;12;16;7;Chat;Cobrança;Negativo;65;1;Sim
850;1;5;9;WhatsApp;Produto Defeituoso;Negativo;94;0;Não
851;1;5;10;WhatsApp;Cobrança;Neutro;100;0;Sim
852;22;37;3;E-mail;Dúvida;Positivo;29;2;Não
853;21;41;3;Chat;Dúvida;Neutro;33;2;Não
854;25;58;1;WhatsApp;Dúvida;Neutro;9;3;Não
855;12;28;5;E-mail;Dúvida;Positivo;55;1;Não
856;16;30;4;Chat;Atendimento Ruim;Negativo;44;2;Não
857;25;44;2;Telefone;Dúvida;Positivo;23;3;Não
858;1;5;9;E-mail;Produto Defeituoso;Positivo;94;0;Sim
859;23;47;3;Redes Sociais;Dúvida;Neutro;30;2;Sim
860;6;14;8;Chat;Cobrança;Positivo;77;0;Sim
861;12;23;6;WhatsApp;Atendimento Ruim;Negativo;58;1;Não
862;14;35;5;WhatsApp;Produto Defeituoso;Neutro;48;2;Não
863;15;55;1;Redes Sociais;Atendimento Ruim;Negativo;23;3;Não
864;18;40;4;Redes Sociais;Atendimento Ruim;Neutro;37;2;Não
865;22;46;3;WhatsApp;Atendimento Ruim;Negativo;27;2;Sim
866;29;60;1;Chat;Cobrança;Positivo;5;3;Não
867;15;32;5;E-mail;Atendimento Ruim;Positivo;53;1;Não
868;8;21;6;Redes Sociais;Atendimento Ruim;Positivo;65;1;Sim
869;25;47;2;Redes Sociais;Dúvida;Negativo;15;3;Não
870;22;36;3;Redes Sociais;Cobrança;Neutro;33;2;Sim
871;15;32;6;Telefone;Produto Defeituoso;Neutro;55;1;Não
872;18;36;4;Chat;Produto Defeituoso;Neutro;36;2;Sim
873;2;11;9;Chat;Produto Defeituoso;Positivo;86;0;Sim
874;15;27;5;Chat;Cobrança;Negativo;50;2;Não
875;18;35;4;Chat;Produto Defeituoso;Neutro;41;2;Não
876;20;41;2;Chat;Cobrança;Negativo;25;3;Não
877;27;43;6;WhatsApp;Dúvida;Neutro;38;0;Não
878;1;5;10;Redes Sociais;Dúvida;Positivo;97;0;Sim
879;17;59;2;WhatsApp;Cobrança;Negativo;87;1;Não
880;7;20;7;Telefone;Produto Defeituoso;Neutro;72;1;Sim
881;19;44;3;E-mail;Cobrança;Neutro;33;2;Não
882;5;5;9;Redes Sociais;Cobrança;Neutro;86;0;Não
883;5;14;5;Telefone;Atendimento Ruim;Neutro;48;3;Sim
884;4;12;8;WhatsApp;Cobrança;Positivo;84;0;Sim
885;10;24;6;E-mail;Atendimento Ruim;Neutro;63;1;Sim
886;1;5;10;Telefone;Dúvida;Neutro;98;0;Sim
887;5;7;8;E-mail;Atendimento Ruim;Positivo;79;0;Sim
888;17;37;3;Telefone;Cobrança;Neutro;35;2;Sim
889;17;19;3;WhatsApp;Dúvida;Negativo;76;3;Não
890;17;27;5;E-mail;Atendimento Ruim;Negativo;50;2;Não
891;15;21;10;Telefone;Cobrança;Neutro;49;2;Não
892;20;36;3;WhatsApp;Dúvida;Positivo;33;2;Não
893;6;11;8;Redes Sociais;Atendimento Ruim;Positivo;83;0;Sim
894;1;5;10;WhatsApp;Cobrança;Positivo;100;0;Sim
895;3;9;8;WhatsApp;Cobrança;Neutro;84;0;Sim
896;24;45;2;Redes Sociais;Produto Defeituoso;Neutro;23;3;Não
897;17;32;4;WhatsApp;Produto Defeituoso;Negativo;39;2;Não
898;1;5;10;Redes Sociais;Atendimento Ruim;Positivo;99;0;Não
899;27;48;1;Redes Sociais;Atendimento Ruim;Neutro;12;3;Não
900;14;36;4;Redes Sociais;Atendimento Ruim;Neutro;44;2;Sim
901;20;42;4;Telefone;Cobrança;Neutro;38;2;Não
902;8;55;10;E-mail;Atendimento Ruim;Positivo;52;2;Sim
903;3;5;9;Telefone;Cobrança;Positivo;91;0;Sim
904;14;23;3;Redes Sociais;Atendimento Ruim;Negativo;21;3;Não
905;24;51;2;E-mail;Cobrança;Positivo;17;3;Sim
906;4;5;9;E-mail;Cobrança;Neutro;88;0;Sim
907;4;5;9;Redes Sociais;Produto Defeituoso;Negativo;91;0;Sim
908;1;44;1;E-mail;Dúvida;Positivo;39;3;Não
909;10;17;6;E-mail;Cobrança;Positivo;65;1;Sim
910;2;5;10;Telefone;Atendimento Ruim;Positivo;99;0;Sim
911;8;16;8;E-mail;Produto Defeituoso;Positivo;77;0;Não
912;5;39;3;Redes Sociais;Atendimento Ruim;Neutro;12;1;Não
913;1;5;9;Chat;Atendimento Ruim;Positivo;91;0;Não
914;24;44;2;Chat;Cobrança;Neutro;20;3;Não
915;22;44;6;Chat;Cobrança;Neutro;46;2;Sim
916;24;52;1;Redes Sociais;Dúvida;Neutro;11;3;Não
917;10;25;7;Chat;Cobrança;Negativo;66;1;Não
918;23;44;3;Telefone;Cobrança;Neutro;28;2;Sim
919;10;20;7;Redes Sociais;Dúvida;Positivo;66;1;Não
920;19;29;4;Redes Sociais;Atendimento Ruim;Negativo;42;2;Não
921;1;5;9;Redes Sociais;Dúvida;Positivo;91;0;Não
922;24;12;5;E-mail;Dúvida;Neutro;56;1;Sim
923;23;45;3;E-mail;Dúvida;Positivo;26;2;Não
924;10;35;8;E-mail;Produto Defeituoso;Negativo;78;2;Sim
925;1;49;6;WhatsApp;Atendimento Ruim;Negativo;15;2;Sim
926;24;51;2;Telefone;Produto Defeituoso;Positivo;17;3;Não
927;22;46;3;Redes Sociais;Produto Defeituoso;Positivo;25;3;Sim
928;9;19;8;Redes Sociais;Cobrança;Positivo;76;0;Não
929;1;5;10;E-mail;Dúvida;Negativo;100;0;Sim
930;10;16;7;Redes Sociais;Dúvida;Neutro;73;1;Sim
931;1;5;10;Redes Sociais;Produto Defeituoso;Positivo;95;0;Sim
932;12;23;6;Chat;Cobrança;Neutro;63;1;Sim
933;28;53;1;Redes Sociais;Cobrança;Negativo;11;3;Sim
934;2;5;9;WhatsApp;Cobrança;Positivo;86;0;Sim
935;23;46;3;E-mail;Atendimento Ruim;Positivo;26;2;Não
936;17;28;5;Telefone;Produto Defeituoso;Negativo;49;2;Sim
937;7;21;7;Telefone;Atendimento Ruim;Positivo;69;1;Sim
938;11;21;7;Chat;Cobrança;Neutro;68;1;Sim
939;18;36;3;Telefone;Cobrança;Negativo;34;2;Não
940;16;30;4;Telefone;Cobrança;Negativo;44;2;Não
941;2;5;10;E-mail;Dúvida;Positivo;97;0;Sim
942;10;15;7;E-mail;Produto Defeituoso;Negativo;68;1;Não
943;6;12;8;WhatsApp;Dúvida;Positivo;84;0;Não
944;26;47;2;Chat;Atendimento Ruim;Positivo;18;3;Não
945;16;11;9;Telefone;Dúvida;Negativo;75;2;Sim
946;28;52;7;WhatsApp;Produto Defeituoso;Positivo;54;3;Não
947;12;34;8;Chat;Dúvida;Neutro;17;3;Não
948;13;21;6;Telefone;Cobrança;Neutro;59;1;Não
949;12;26;6;Telefone;Atendimento Ruim;Positivo;65;1;Não
950;1;7;9;E-mail;Atendimento Ruim;Neutro;95;0;Sim
951;18;29;4;Redes Sociais;Cobrança;Positivo;44;2;Não
952;17;35;5;Chat;Cobrança;Neutro;45;2;Não
953;2;9;9;Telefone;Cobrança;Negativo;90;0;Sim
954;27;53;1;Chat;Produto Defeituoso;Positivo;15;3;Sim
955;21;42;4;WhatsApp;Dúvida;Positivo;36;2;Não
956;10;14;7;WhatsApp;Atendimento Ruim;Positivo;71;1;Sim
957;5;8;9;Redes Sociais;Dúvida;Positivo;88;0;Sim
958;26;47;10;Telefone;Cobrança;Positivo;78;2;Sim
959;14;28;6;E-mail;Cobrança;Positivo;59;1;Sim
960;7;8;8;Telefone;Dúvida;Negativo;79;0;Sim
961;7;10;9;Chat;Atendimento Ruim;Negativo;30;2;Sim
962;1;5;10;WhatsApp;Produto Defeituoso;Neutro;99;0;Sim
963;20;42;4;Chat;Dúvida;Positivo;37;2;Não
964;27;54;1;Redes Sociais;Cobrança;Neutro;8;3;Não
965;9;17;8;WhatsApp;Cobrança;Neutro;76;0;Sim
966;25;53;2;E-mail;Produto Defeituoso;Negativo;18;3;Não
967;25;50;1;WhatsApp;Dúvida;Neutro;13;3;Sim
968;21;42;7;Telefone;Produto Defeituoso;Negativo;42;0;Não
969;1;5;10;Telefone;Produto Defeituoso;Neutro;100;0;Sim
970;5;9;9;WhatsApp;Atendimento Ruim;Positivo;87;0;Sim
971;2;11;9;Redes Sociais;Atendimento Ruim;Neutro;85;0;Não
972;24;42;3;Telefone;Cobrança;Negativo;25;3;Não
973;12;19;6;Telefone;Dúvida;Negativo;60;1;Não
974;9;19;7;E-mail;Atendimento Ruim;Negativo;67;1;Não
975;1;5;10;WhatsApp;Cobrança;Neutro;98;0;Sim
976;3;5;9;Telefone;Dúvida;Neutro;85;0;Não
977;25;43;2;Redes Sociais;Cobrança;Negativo;22;3;Sim
978;9;17;8;Chat;Atendimento Ruim;Positivo;75;1;Sim
979;7;15;7;WhatsApp;Cobrança;Positivo;69;1;Não
980;18;37;4;E-mail;Dúvida;Neutro;40;2;Sim
981;25;54;2;Telefone;Dúvida;Neutro;16;3;Não
982;6;15;8;Redes Sociais;Cobrança;Negativo;81;0;Não
983;20;46;5;WhatsApp;Dúvida;Neutro;94;2;Não
984;12;29;6;Redes Sociais;Cobrança;Neutro;55;1;Sim
985;11;14;7;Redes Sociais;Dúvida;Negativo;68;1;Não
986;1;5;10;E-mail;Cobrança;Negativo;98;0;Sim
987;25;55;1;WhatsApp;Cobrança;Neutro;9;3;Não
988;7;17;8;Telefone;Cobrança;Positivo;75;1;Não
989;23;45;4;E-mail;Produto Defeituoso;Neutro;23;0;Não
990;2;5;9;Telefone;Dúvida;Positivo;91;0;Não
991;28;56;1;Chat;Atendimento Ruim;Positivo;13;3;Sim
992;23;54;2;Redes Sociais;Cobrança;Positivo;15;3;Não
993;13;29;6;Chat;Produto Defeituoso;Negativo;56;1;Sim
994;2;5;10;Redes Sociais;Atendimento Ruim;Negativo;100;0;Sim
995;29;54;1;E-mail;Cobrança;Negativo;10;3;Não
996;19;38;4;Telefone;Atendimento Ruim;Neutro;36;2;Não
997;5;5;8;Telefone;Produto Defeituoso;Negativo;83;0;Sim
998;18;39;10;E-mail;Atendimento Ruim;Negativo;96;0;Não
999;16;27;5;WhatsApp;Cobrança;Neutro;51;1;Não
1000;3;5;9;Chat;Atendimento Ruim;Neutro;90;0;Sim
